{"cameraMode":{"drawMode":0,"name":"Shaded","section":"Shading Mode"},"sceneLighting":false,"audioPlay":false,"sceneViewState":{"m_AlwaysRefresh":false,"showFog":true,"showSkybox":false,"showFlares":true,"showImageEffects":true,"showParticleSystems":true,"showVisualEffectGraphs":true,"m_FxEnabled":true},"in2DMode":false,"pivot":{"x":0.27641722559928896,"y":0.4701370596885681,"z":-1.9719583988189698},"rotation":{"x":-0.008390809409320355,"y":0.9910629391670227,"z":-0.11880625039339066,"w":-0.06836336851119995},"size":1.5010714530944825,"orthographic":false}