{"cameraMode":{"drawMode":0,"name":"Shaded","section":"Shading Mode"},"sceneLighting":false,"audioPlay":false,"sceneViewState":{"m_AlwaysRefresh":false,"showFog":true,"showSkybox":false,"showFlares":true,"showImageEffects":true,"showParticleSystems":true,"showVisualEffectGraphs":true,"m_FxEnabled":true},"in2DMode":false,"pivot":{"x":1.3826532363891602,"y":0.904099702835083,"z":0.10821056365966797},"rotation":{"x":0.0013491901336237789,"y":-0.9977942705154419,"z":0.004436874762177467,"w":-0.07756003737449646},"size":1.0428720712661744,"orthographic":false}